页码,评论者昵称,评论星级,评论时间,有用数,评论内容
1,Hey-sexy,4星,2021-05-27 00:20:45,106,是太久没见的错觉么感觉夏目贵志同学长大了一点越来越像我未来男朋友了呢（不敢相信我如此厚脸皮哈哈好吧反正没人看见）
1,25号底片,5星,2021-05-26 23:18:53,178,热闹并不代表充实，三三金句
1,WIKI魏,4星,2021-05-30 20:24:17,56,1知遇之恩，2无法一起变强的友谊该如何安放。不是剧场版，是两集拼的。最可爱给：嘟嘟嘴喝茶吹吹的三三老师；歪脖子露出金色铃铛耳环的三蓧帅。夏天了，后会有七。
1,Judy橙子林,5星,2021-02-20 23:55:29,93,此生无悔入夏目，来世愿做帐中妖
1,荼,5星,2021-01-30 14:17:32,59,两篇ova合集。在正片开始前，池袋toho广告长得差点快睡着了。个人比较喜欢第二个故事，基情四射，还都是老熟人。是时候开始第7季动画了吧。
1,Panda的影音,4星,2021-05-28 08:30:29,34,《唤石》→猫咪老师为了喝上美酒还蛮努力的。｜《可疑的访客》→田沼：……不过无论如何，我还挺开心的，因为我和夏目看到过同样的东西了。……
1,JiLiToNo,5星,2021-01-17 22:41:48,60,其實小短篇可以留著做TV動畫啊！第七期不來一發嗎！難得的大銀幕如果能出的場名取之類的長篇就好了QvQ
1,古宋松谷,5星,2021-05-28 00:23:53,85,虽只有短短两章，仍如沙漠中的清泉。在漫长岁月后，夏目与田沼似乎进入了成人的惆怅，而妖怪们面对生命的起落与无数转瞬即逝的缘，“心情其实过中年”。
1,神豚,4星,2021-05-29 17:54:30,13,“被委托了完成不了的任务一定很难受吧，但是大人相信我能做到，我一定要回应这份期待，不是吗？”“嗯，是啊。密实是很厉害的，岩铁大人是知道这一点的。”|“你要是有在意的事，和我说就好了。”“嗯，你说得对啊。”
1,张兮兮,5星,2021-05-29 18:13:55,60,都已经十多年了，《夏目友人帐》早已拍不出新意，但是它还在，这就够了
1,kakakarl,5星,2021-05-28 11:30:17,54,50分钟里塞了俩个TV版长度的故事。在这俩个故事里，夏目都变成有能力保护其他人的人了。
1,Rocinante,5星,2021-05-29 16:46:06,76,每个妖怪都在提醒着夏目，他人类几十年的寿命在妖怪的一生中多么短暂，它们将来一定会怀念和夏目遇见的这短暂的一瞬间，不知道对立于当下，以人类的尺度还有漫长一生在眼前的夏目而言，是怎么样错乱的心情。
1,糯米团,5星,2021-05-30 14:02:00,25,弱小美好勇敢不可结缘徒增寂寞永远温柔的夏目
1,洋渔,5星,2021-01-27 19:55:41,20,纯粹纯心纯情，接纳所有情绪，接纳世界，接纳自己。故事一，工作上那卑微的自我表现，故事二，对朋友所拥有能力的羡慕…催泪片尾曲奏响，莫名很悲伤，也许是因为可以悲伤的东西太多了。短短的好电影。
1,追寻jxdszh,5星,2021-11-09 12:51:15,4,两类内容合并成一集。弱小不代表不被看好，拥有坚定的信仰和内心，能够在其他人的帮助下成就事业，而善良温柔的人也愿意成人之美。曾经的友谊因为能力成就的差别而疏远，是留着怀念过去还是互相迁就成全，热闹却不代表不寂寞，真正的友谊即使长时间不联系仍然是一见如初。唤石者的努力，三筱的故事，一部是信念，一部是情谊。
1,kiki204629,5星,2021-05-27 22:24:09,4,舍不得倍速看的动画。
1,johoyo,4星,2021-05-28 18:43:02,13,三筱粉丝狂喜！这种温柔又周到还略带点疯批性格的大妖怪谁能不心动这个故事告诉我们保护植被多样性很重要沼泽消失的话三筱就会失去他的机油
1,李湘,5星,2021-10-03 22:45:53,1,难过的时候，看看，心情慢慢好起来了。
1,ヽ 丶詸゜,5星,2021-06-12 03:11:32,3,在这漫长无止尽寂寞的时间长河里里陪伴和守护夏目大概会成为斑大人在未来的某个时刻心中久远珍贵却又美好的回忆吧😭
1,格兰芬多,5星,2021-06-02 17:53:24,1,只有50分钟的剧场版《夏目友人帐》，浓缩了两个故事，精致又温馨。第一个关于知恩图报，第二个关于友谊的发展。虽然主题不同，两个故事前后无衔接，但依旧给人带来了治愈与单纯的美好。这样的小故事，带来了内心久违的平静，真的越来越爱这个系列了。
2,猪鼻子同学,5星,2022-10-26 20:22:39,0,温暖治愈
2,玥玲大可爱,4星,2021-06-08 19:13:01,0,三筿人形好帅哦！！三花好可爱，完成了任务，不放弃。
2,Vanessa。,5星,2022-04-03 23:36:00,0,夏目的故事总是那么温情治愈。
2,Micheal,5星,2021-06-26 09:47:14,1,虽然只有短短两集，但依旧能给人耳目一新的感觉，例如唤石者利用会说话的地图来寻找神明，田沼被妖怪控制，要靠妖怪来解救这样的新颖剧情。这时候会发现，在夏目的世界里，哪怕之前发生过什么样的摩擦，到最后都能治愈一切，这样完美的世界在现实生活中又在何处呢
2,奶油小方,4星,2021-06-14 14:15:03,1,夏目的戏份有点少啊，参与感也不强，不过第二个故事里夏目和田沼的感情一如既往的感人。【9.0】
2,懒羊羊,5星,2021-05-26 22:11:15,5,还是熟悉的味道，两个类似OVA合集一个报恩的可爱的唤石小弟一个真心待友的瘦弱高中生ED真好听！
2,Kryten,5星,2022-01-18 20:26:18,1,依然亚撒西呐，太治愈了
2,浮生若梦,3星,2023-08-05 04:21:43,0,有时身处热闹之中才更感到空虚from娘口三三
2,牧三洵,4星,2021-05-26 23:30:22,2,两集剧集罢了。
2,Shaw喆宇,4星,2021-06-03 12:33:21,0,就是夏目的味道
2,屹青,5星,2022-03-17 00:33:55,0,没想到在2021年还能看到夏目友人帐！喜欢安静的讲述着每一个故事，会想起以往夏天的时候，观看夏目的自己，正值午后，窗边阳光照耀进来，安静，安心，温暖，很开心！！
2,夜子0411,5星,2021-07-28 08:55:39,0,yyds
2,六朝悬鹑,5星,2021-07-05 12:49:35,0,好久没看夏目了，还是好感动好温柔呀！
2,素衣染天香,4星,2021-06-08 18:39:26,1,就是记忆里的夏目啊。也没有什么特别的故事。但看的时候觉得温暖。这就很好啦。
2,南宫非攻,4星,2023-09-02 18:00:18,1,4星给三筱的那个故事，一直很喜欢三筱和田沼的，能把他俩打包讲一个这么温暖的故事，挺好，相比之下，第一个故事就稍微有些中规中矩了。通过最近一系列的夏目补全计划，渐渐找回了当初看夏目的那颗相对宁静的心，也挺好，嗯，那就把剧场版也一并给补了吧。
2,1w.,4星,2021-07-16 21:50:19,0,很久不见.5年没看了.依旧是熟悉的夏目只是作为剧场版过于平淡.就好像吃薯条没有番茄酱。
2,紫苏バジル,4星,2021-09-12 21:34:50,0,石起：小小的天，有大大的梦想。可疑的来访者：你是否也有一个从没赢过的朋友。其实都是老生常谈的主题了，可到夏目这里就是可以讲得又悲伤又治愈。还可以等到第七季吗？
2,忘川,4星,2021-08-03 21:47:49,1,妖怪们为了喝上酒真的很拼命啊。夏目根本是靠本能在活命，赤手空拳就能降妖，玲子的能力就更加可见一斑了。第二篇是有关友情的，猫咪老师那句身处热闹，没准更能感觉寂寞，好有哲理啊。
2,呈谦尚腕,4星,2021-05-27 13:01:21,2,上次看夏目，已经不记得是什么时候了。还是那么的柔情。
2,行知小姐。,5星,2022-07-29 09:12:28,0,唤石者和可疑的来访者。三条真的是非常温柔，善良的妖怪啊，虽然用着马的身体，长着马脸，身体还很巨大，看起来有点怕怕的，但是为了不让朋友附身到田沼要的身体伤害到人类，就算被夏目误会也要坚持来找田沼要。最后让朋友想起了自己的初心。都是非常温柔友善的人。嘤嘤嘤。马脸三条变成灰发男人时候好帅哦。田沼要被妖怪附身时候不是害怕，而是非常开心自己能看到了和夏目看到的一样的东西。呜呜，心酸又感动。
3,眷西轩,5星,2021-06-10 21:23:41,1,202106温柔和善良就像是初夏的风给予了我无限抚慰。“散步而已，去那些对我来说充满回忆的地方”，缘分真是很玄学的东西，这些很朴素的时光，今后也会变成令人怀念的东西，一定也是转瞬即逝的。“一起往隧道里走吧，你会喜欢的”，美好的东西要和你一起看才有意义。我太想太想过夏天了，就是轻松、平和、自由啊。
3,limo,5星,2023-07-24 15:04:26,0,三筱好帅啊，变身那一刻尤其帅！
3,Μουσαι,4星,2021-07-18 12:50:36,0,两篇ova合集
3,焱返,4星,2022-02-13 00:35:19,1,两个小故事的合辑。《石起》部分一直期待小妖怪变强的反转，但还是以夏目式的温馨结束，其实也是对的，因为它本身就是弱小但内心强大。《可疑访客》居然讲三笹，田沼的这个故事其实必然发生，作为有灵力却不能见到妖怪的人，多少会对朋友嫉妒或自卑，安排了一个三笹的故事来映衬，也让田沼终于与唯一能见的鱼塘幻影有更深的接触，这样很好。
3,白树,5星,2021-06-11 02:49:32,1,有他在，就够了。不管我走的有多远，只要我回头的时候，夏目永远都在那里温柔的笑着就够了，在我心中，夏目是超越了一切的存在，他只是他。真的好爱他们啊，爱夏目，爱三三，爱他们所有妖怪所有人。不管是谁，都是小天使啊，都那么温柔啊！我这个嗑CP老油条，看着看着就不由动了歪心思，但是还是逼着自己收回了思绪。夏目永远是我心中，最温柔最善良的那个存在啊！他就是那颗赤子之心啊。说来好笑，突然发现，不管何时，我永远都会被夏目感动到，他永远都那么戳我啊。这是其他电影其他书籍永远无法带给我的一种感觉。
3,姝尹Y(^_^)Y,4星,2021-05-26 23:39:54,0,還是熟悉的配方，還是原來的味道，娘口せんせい依然萌到爆炸，好喜歡第二個故事中的友情故事啊，朋友之間和諧互鬥共賞風景，真的太美了。
3,囧奔的熊猫,5星,2021-07-14 18:16:00,1,温柔得我流泪了😭三筱人类形态也太帅了！
3,Louisa,5星,2021-06-14 18:38:20,0,一如既往地高水准
3,摇个不加粗,5星,2021-06-14 12:59:08,0,酷帅的马面大人出独立剧情了好耶，夏目里的夏天总是这么温暖清新
3,青铜骑士,5星,2021-11-12 22:08:16,0,依旧很亚撒西
3,Oceancould,4星,2023-05-08 00:28:31,0,没办法，谁让我是三筱粉🥹
3,CATCH-22,5星,2021-05-28 12:42:23,0,唤石者的语音导航地图，大型酒鬼任务聚会，两队争夺赛，地道的风景看不见的风景田沼家滴水声，天花板上的鱼和波纹，喜欢和田沼一起散步的美型妖怪客人三筱，房顶的法杖不可结缘，徒增寂寞。『替身梗』池主相会，田沼被附身森林冰火人×名取和三式神
3,酱油,4星,2021-07-03 22:27:30,0,一如既往的治愈风格
3,林觴,5星,2021-06-08 22:48:27,0,啊來了呀
3,宋懿,5星,2024-02-03 23:04:37,0,90分
3,黑水为炽,4星,2021-11-01 09:45:44,0,反正三三永远是夏目的最爱，三三这个死傲娇～
3,Fleurs.哼哼,3星,2021-05-30 21:22:25,0,依旧温暖
3,秋横剑气连星斗,4星,2021-06-08 16:49:33,0,终于续上啦，夏天看夏目最舒服了
3,附近的米洛,3星,2021-06-05 20:37:03,0,片尾曲真好听
3,渡辺麻友,5星,2021-07-14 22:23:03,1,做得像两集TV动画。还是有戳中人心的点。岩铁大人相信我可以做到，为了回应岩铁大人对丑陋卑微的我的信赖和期待，历经磨难也要完成任务。被朋友拉开差距的感觉很痛苦。热闹不代表充实。
4,荷清橙,5星,2021-11-30 23:46:20,0,一如既往
4,仲夏之门,3星,2021-06-25 20:50:10,1,仿佛看了两集OVA，不管怎么说，能得闲和这帮老友相聚总是好的。
4,yanyanyanyan99,5星,2021-12-05 23:44:13,0,“不管是人还是妖怪，你要是有在意的事，和我说就好了啊。”“嗯，你说的对。”
4,🅿＋🅾,5星,2021-03-23 18:11:32,4,还是熟悉的配方，还是原来的味道。去电影院看了两集ova的感觉。石起和夏目叨逼的五分钟基本没听懂，全靠联系上下文。
4,猫久禧,5星,2021-07-17 22:53:53,0,夏天限定之夏目友人帐
4,半澤直叔,4星,2021-07-30 13:33:45,0,两个小故事，田沼你也要下海了吗？
4,Leo🌊,5星,2021-05-27 15:51:38,6,“我一定要回应这份期待，不是吗？”“嗯，是啊。”
4,大象姐姐KK,4星,2021-05-28 13:34:02,0,7.6
4,City Island,4星,2022-01-17 22:23:23,0,我希望友人帐的故事永远继续下去。
4,CHILL_YANG,5星,2021-06-14 01:12:56,1,田沼要有什么错呢！他只是想离夏目近一点而已啊！！！
4,Enjoy,4星,2021-06-12 16:19:47,0,后会有七
4,好大一张饼,4星,2021-10-12 13:59:13,0,两个TV长度的短篇；夏目的故事，是漫长岁月中一瞬相聚带来的温暖，所以总是有点伤感
4,夏草,5星,2021-06-06 00:07:07,0,依然温柔
4,憨兔兔,未知,2021-05-27 22:11:55,0,一如始终的治愈
4,紅豆三年级,4星,2022-06-18 21:37:11,0,喜欢温柔的好朋友和小小笨拙却倔强的小妖怪，喜欢他们构成的一切。
4,黑道少年沈來迟,5星,2021-06-05 19:44:33,0,Run!youcleverboy，andremember……（啊不好意思跑错片场了
4,墨殊,5星,2022-01-09 18:10:58,0,好喜欢可疑访客😭为什么会有这么好的人
4,蜉蝣渡海,4星,2021-11-28 19:12:59,0,第二个故事真好。A附身在B上，C来找A玩，B还以为他是找自己，也就天天陪着。夏目担心好朋友B就也跟着。A与B之间，A与C之间，B与C之间，夏目与B之间，这几对CP都好磕。
4,天外飞青,5星,2022-09-24 19:34:34,0,这个系列一直都是一种感觉，回忆岁月淡淡的光辉。
4,ComicCelia,5星,2021-11-07 19:49:55,0,有时候觉得夏目的故事可能就只能这样了吧，但有新篇出来时还是想被这样的温暖包围呀。
5,yanyanyanyan99,5星,2021-12-05 23:44:13,0,“不管是人还是妖怪，你要是有在意的事，和我说就好了啊。”“嗯，你说的对。”
5,🅿＋🅾,5星,2021-03-23 18:11:32,4,还是熟悉的配方，还是原来的味道。去电影院看了两集ova的感觉。石起和夏目叨逼的五分钟基本没听懂，全靠联系上下文。
5,三太子,3星,2021-06-13 20:30:09,4,这。。是我的问题么这集很无趣耶
5,猫久禧,5星,2021-07-17 22:53:53,0,夏天限定之夏目友人帐
5,Leo🌊,5星,2021-05-27 15:51:38,6,“我一定要回应这份期待，不是吗？”“嗯，是啊。”
5,CHILL_YANG,5星,2021-06-14 01:12:56,1,田沼要有什么错呢！他只是想离夏目近一点而已啊！！！
5,蜉蝣渡海,4星,2021-11-28 19:12:59,0,第二个故事真好。A附身在B上，C来找A玩，B还以为他是找自己，也就天天陪着。夏目担心好朋友B就也跟着。A与B之间，A与C之间，B与C之间，夏目与B之间，这几对CP都好磕。
5,夏草,5星,2021-06-06 00:07:07,0,依然温柔
5,Lumos,4星,2022-08-06 15:35:30,0,起码有好几年没有看夏目了，果然还是一样地治愈啊。
5,yuki,4星,2021-08-08 14:35:26,0,夏目的剧情不重要，重要的是夏目的存在，只要存在就是美好。
5,黑道少年沈來迟,5星,2021-06-05 19:44:33,0,Run!youcleverboy，andremember……（啊不好意思跑错片场了
5,墨殊,5星,2022-01-09 18:10:58,0,好喜欢可疑访客😭为什么会有这么好的人
5,不高興,4星,2021-05-27 21:41:38,0,是夏目和貓貓老師呀，愛每一個人
5,天外飞青,5星,2022-09-24 19:34:34,0,这个系列一直都是一种感觉，回忆岁月淡淡的光辉。
5,ComicCelia,5星,2021-11-07 19:49:55,0,有时候觉得夏目的故事可能就只能这样了吧，但有新篇出来时还是想被这样的温暖包围呀。
5,豆瓣伊地知,4星,2021-08-08 02:29:08,0,3.5，正常发挥的两个短篇
5,关你什么西红柿,5星,2021-05-27 20:38:36,0,还是很温柔的。但是两集动画的量能不能快点出下一季啊。我更喜欢第一个故事，小小的妖怪想要努力完成想做的事情，真勇敢
5,乔阿,5星,2023-12-19 10:21:44,0,大三角哈哈哈哈
5,苏桅舞,5星,2021-11-09 14:58:49,0,三筿的人形真是帅呐hhh（虽然慢慢知道了剧情大概的模样，还是很喜欢呢～如沐春风的温柔百尝不腻不是吗？）
5,子哉,5星,2021-06-09 00:17:05,0,就是太短了
6,碧落旁宁,4星,2021-06-08 01:39:06,0,好浪漫哦
6,Diva Tequila,5星,2021-09-14 00:59:02,0,三美好可爱！
6,我不是momo,4星,2024-01-13 17:14:46,0,质量不错，期待第七季
6,冬天好冷,5星,2023-07-10 02:32:51,0,田沼夏目请结婚
6,沉水,4星,2021-06-13 18:27:56,0,本以为是电影，结果是两个小短篇，都还不错，温暖简单的两个小故事。
6,艾饼,5星,2021-12-04 13:23:48,0,夏目这个系列是日式温柔的极致了吧，永远能治愈我
6,黄昏使者,5星,2021-06-09 17:56:09,1,夏目和妖怪的故事希望永远不要结束❤️
6,thefinNga,5星,2023-01-14 21:35:52,1,田沼！（紧紧抱住没想到你个马脸竟然这么迷人
6,人间观光团,4星,2022-10-16 13:23:15,0,两则小故事
6,粽人府,3星,2023-06-11 08:32:32,0,温柔确实是这个世界最强大的力量，可一直温柔下去也会不够真实吧。
6,伊心,4星,2022-10-06 09:38:58,0,有时我也想保护你。
6,不知花开否☘️,2星,2021-06-26 15:04:36,1,这是剧场版?这时长是认真的?太敷衍了事了吧，充其量两个ova合集而已；而且剧情无聊不说，画面方面也极其简易，尤其最后三筱和友人打斗画面尬得我突然笑了。
6,不喝水的鲫鱼,3星,2021-09-30 00:50:02,0,@@@（2021-01-16）夏目友人帳石起こしと怪しき来訪者（夏目友人帐：石起和可疑来访者）（只是《石起こし》《怪しき来訪者》两集TV版而已，算不算在圈钱？没啥特别的，还是岁月静好。）
6,未知de永恒,5星,2023-07-16 22:00:50,0,CP磕错了也太草了堀江聚聚有模仿小鸟声线哎好评！！还是熟悉的温柔配方我先泪目了
6,与你同行,5星,2021-05-30 20:01:32,2,本来以为是剧场版，后来发现是两个单独的小故事。可是一如既往的好哭，两篇温暖治愈小故事夏目身边的朋友都好温柔啊。第一个唤石和岩铁大人是，我信任你将唤醒这份委托交予你即便我力量弱小但我也会竭尽所能回应你的这份期待，两个妖怪都很温暖。夏目好几天没看到猫咪老师因为担心才出来找它，看到洞里的美景想到的是和猫咪老师一起看，喜欢是记挂着你想和你分享我觉得美好的一切。猫咪老师看到有妖怪欺负夏目就把它吃了，事后还傲娇不承认。明明可以提前唤醒岩铁拿到自己喜欢的酒，但因为猜到了唤石的身份，知道夏目的意图，明明提前到了却装作睡觉错过了。三筱为了起昔日与另一池塘之主的约定惺惺相惜这份友情也很美好！人形好好看，好期待猫咪老师化形（以男性的状态）无论是三筱与笹目还是田沼与夏目都是很好的朋友，我太爱这系列了。
6,aryayaya,5星,2021-07-10 13:42:59,0,一如既往的温暖
6,但丁的方舟,3星,2022-05-04 17:14:23,0,名为剧场版其实是两个短篇。熟悉的味道……小妖的执念，追随的执念，附身的执念，胜负的执念……当然最后都会被平和地化解，本身也是相当平淡的冲突。
6,沙客,4星,2021-06-07 18:10:14,0,全员温柔！
6,山芋芒果味儿的,5星,2021-06-13 10:35:47,0,习惯性打call有夏目和三三在的地方总是令人安心
6,宫廷阉割师大人,3星,2021-10-14 00:13:35,0,开始觉得无聊了。是我老了吗
7,Sukipa,4星,2022-03-15 12:38:05,0,信义与温柔
7,Mo,5星,2021-05-29 21:15:52,0,三蓧帅起来也没🐱先些~什么事了😄
7,眯眯眼的敏敏,4星,2021-05-29 23:38:50,0,夏目终于从一直被欺负的那个人变成了可以帮助，保护他人的人了。所以，闲得娘口三三越来越胖了嘛~~
7,路人廿五,5星,2021-07-10 10:15:08,0,温暖而热闹，平静而细腻。夏目友人帐的可贵之处在于透过怪力乱神，看到的不是恃强凌弱，而是情感的力量被不断升华。以后可以定期出个ova打卡，老友重逢，岁月静好。
7,可露丽,5星,2021-07-21 14:18:07,0,惯性给的五星，这次其实没有之前那么深的感动。还是期待接下来的新篇。
7,六翼在天堂,4星,2024-06-10 23:52:54,0,热闹并不代表充实。好温柔啊。
7,暗闪光,3星,2022-06-25 21:12:58,0,水时长明显，评分严重虚高
7,科克托马斯,5星,2021-05-27 20:10:31,1,好励志，好治愈
7,猫的莫咪跪神棍,5星,2021-10-23 23:43:33,0,这些妖怪的人形也都太蛊了吧！！
7,天欲雪,3星,2023-01-16 23:31:24,0,B站的最后一集了，看了一天的夏目了猫咪老师真是善良又傲娇啊森林之子——田沼要被附身借力量这小事三筱人形真帅啊
7,珏玨,5星,2021-06-25 12:35:29,0,妖怪们能有什么坏心眼呢
7,DA_JR11,4星,2022-03-29 07:26:53,0,两集合成一集更喜欢第一个故事
7,Tokyo·Demort,3星,2021-09-19 21:13:00,0,哈哈哈……本身剧情简单，节奏舒缓，适合夏目迷看。路人看会怀疑“就这？”，替小🐑打个分数。
7,咸塘浜老黑鱼,4星,2023-05-16 22:51:53,1,第一次看《夏目友人帐》啊，虽然之前画过一回……很温柔的动画，但是作为剧场版感觉有点水！片尾曲真好听啊！
7,一拳超人傻白,4星,2022-08-21 21:07:54,0,娘口三三还是那么可可爱爱的酒鬼啊！！🥰🥰🥰
7,Kian在目黑散步,4星,2022-10-23 00:06:17,0,一到秋冬季节就想看夏目。
7,对方正在输入……,5星,2021-05-30 00:00:47,0,还是熟悉的味道，还是熟悉的妖怪们，怎么觉得三三又胖啦…哈哈哈哈！此生无悔入夏目，来世愿做帐中妖！
7,Summer,5星,2021-06-13 03:01:42,0,永远的神，夏目友人帐，温柔的力量
7,伊,4星,2021-06-12 03:19:45,0,是可以安心舒服地刷很多次的故事呀
7,就有够可爱,3星,2021-07-20 00:09:42,0,嗨，夏目是看了个情怀叭，挖的坑终将是填不上了嘚
8,Diamonds,4星,2021-09-24 12:30:23,0,一如既往的温柔
8,唐揽月,4星,2021-05-30 19:04:21,1,又丧又治愈。他说不可结缘，徒增寂寞，他说身边热闹不代表就是充实，他说人类的数十年对妖怪而言转瞬即逝……可共赏的月色如此美丽，总是让人怀念。
8,梧桐,5星,2021-07-03 16:20:00,0,连三筱也是有cp的妖了，哭泣……
8,缺妞,5星,2021-08-31 13:23:36,0,每次看夏目友人帐都会被温暖到，都在以自己的方式去守护着对方，温柔但有力。
8,骄子,4星,2021-11-06 19:02:24,0,后会有七
8,彻夜疯歌,5星,2021-05-28 01:29:05,0,简简单单的治愈小故事，夏目友人帐总能让人心情愉悦。有生之年，期待第七季。Y
8,陶可宸,4星,2021-05-27 18:13:51,0,两个短小的故事一起播出而已，同样都是温暖的感觉。ps：有点儿想念名取呢
8,新世纪腐银战士,4星,2022-09-10 09:18:17,0,很舒服的两则小故事，一则是让弱小的妖怪也能完成了不起的成就，夏目真是太温柔了，夏目组也真的很暖；第二则更加复杂一些，用妖怪之间的斗争与共存，映射了人和人、朋友和朋友之间微妙的情感，想要成为更久远的朋友，就要两个人一起向前进，这其中有人会自卑、有人会顾忌，但如果能克服这种种情绪、共同前进的话，就会是经受得起任何考验的情谊吧。
8,赤膊姑娘,5星,2021-06-27 12:43:58,0,哇啊啊啊，红蓝cp在妖怪界也是通行的
8,Z.A.Jevin,5星,2021-05-26 19:23:36,3,要来了要来了，夏目啊我好想你为了夏目友人帐开了哔哩哔哩大会员，真香！虽然长度不及电影版，剧情还是不减当年，温柔依旧！此生无悔入夏目！！！
8,洛七,5星,2023-10-25 22:47:46,2,正常水准，非常喜欢！唤石者密实想要不负岩铁大人的期待使人触动，被期待似乎还不错嘛，不过更喜欢第二个故事，老熟人嘛，三筱和葉目，夏目和田沼，关于友谊的双线叙事，寂寞又温柔，像是池塘睡莲一样呢
8,向刃于Box,5星,2021-05-31 23:24:12,0,夏目，必须是永远的神
8,荡麦,5星,2021-05-30 19:55:08,1,唤石者，根子里的执着远比追逐奖励更能实现不辜负，且能看见实现理想路上大树隧道的奇妙风景，将奖励的美酒，胜利的果实分享给一路伙伴，喜悦！愿我可以没有成长……
8,哼一首歌给哈尼,3星,2021-05-27 03:15:17,3,幸好没做成剧场版
8,无为而治,4星,2021-05-28 19:55:13,0,猫咪老师说热闹≠充实；夏目说我们悄悄从那条地道回去吧，那里很漂亮，老师你也一定会喜欢的。三篠人形和妖形也差太多了吧。挺高大好看的。😘😘
8,林小鹿,3星,2021-06-14 22:37:02,0,还在等七
8,壹时一,未知,2021-05-26 21:32:29,1,三筱！帅哥！
8,奇,3星,2021-11-29 08:50:33,0,系列调性不变。
8,免色,5星,2021-10-31 21:07:20,0,愿你被温柔以待
8,～,5星,2021-06-15 09:45:44,0,210606-永远爱夏目和老师，我们不要走散。
9,白姬绾,5星,2023-07-07 00:01:19,1,《唤石者》仆从小妖怪好可爱。《怪异的访客》一直都觉得，田沼家看不见的池塘非常有趣。万万没想到，三筱的人形还挺帅的哈哈哈哈。
9,已注销,4星,2021-10-14 03:37:16,0,やはりこういう淡い悲しみに包まれた夏目が一番いい。
9,甜甜圈,5星,2023-08-03 21:47:18,0,又是两个暖暖的小故事。新一季赶紧安排啊！
9,夏生与酒,5星,2022-06-04 14:19:25,0,久违了的纳兹咩！
9,苍穹的幻想,4星,2022-04-26 21:25:47,0,《夏目友人帐》多年来无论是TV版还是剧场版，整体风格和中心思想均是如同第一季时的清新治愈、温馨暖心；夏目和他的喵咕森塞、一众人类和怪物朋友、以及养父母滋叔叔塔子阿姨，在电视剧里那个似乎永远存在的夏天里，无忧无虑的生活在这个充盈着暖色调的小镇上。
9,茉莉的茉。,3星,2021-08-07 17:33:16,0,2021.05.27//2021.08.07
9,♡,4星,2023-07-19 21:37:29,0,看不够
9,evening77,3星,2021-06-06 01:33:43,0,其实就是两话TV的内容放到一起做了个OVA或者是SP性质，还以为真的是剧场版呢，然鹅并不是~三筿也算大妖怪了，两个沼泽妖怪打架（联络感情）没事要找夏目的基友附身，我看你们纯粹是为了刷存在感吧~
9,花吃了卡百利,3星,2021-05-31 08:16:38,0,2.5元，还行吧。。。
9,Llllllllllllll,5星,2021-11-22 16:22:22,0,夏目
9,猴头虫,3星,2022-07-21 17:38:14,0,故事本身就是夏目一贯风格，不过原本我期盼着来点互相有关联的大故事的，结果没想到更像一口气看了3集动画片。
9,观荔手记,5星,2021-07-28 02:12:24,0,🥰
9,浮游海月,4星,2022-01-05 14:24:26,0,还是那个清清淡淡温暖治愈的味儿。三筱的人类形态竟然是个灰毛卷发西装帅哥，还有不对称的斜刘海和鬓发，而且一言不合就拉住基友的手到处约会，hso。他基友还是小鸟配音，更涩了！！！！！田沼的声优虽然很努力的去模仿小鸟那种充满非人感的高贵又蛊惑人心的腔调，可惜还是差得很远。不知是受困于声线配不出那种骚气感还是演技不到位放不开啊。还有，大概没可能看到基友的人类形态了真是太遗憾了。
9,英雌,4星,2021-09-12 15:43:36,0,这种情怀类的动漫确实评分虚高严重
9,Neutralization,4星,2023-06-26 11:14:00,0,献给时间和爱情的礼赞。虽然短小，但有如夏日午间的彩虹，斑斓明媚。
9,Ki.v,4星,2023-02-04 12:41:01,0,優しいな
9,萧季轩,4星,2023-10-02 06:42:26,0,嗷呜
9,刘小婷,4星,2021-05-27 00:42:39,0,热闹不代表充实一如既往的温暖
9,木卫三爱吃饺子,5星,2021-06-07 20:11:59,0,纳兹咩～
9,白翅膀黑羽毛,4星,2021-05-28 16:35:57,0,懐かしい
10,shun,4星,2022-02-24 22:23:52,0,还是一如既往地治愈，适合睡前看
10,Zoe,5星,2021-08-09 23:08:33,0,攒了一个夏日的夏目没舍得看，在春日的时候想着我一定会在某个蝉鸣的夏日午后，在空调房里捧着半个西瓜慢慢品味，结果最后的最后正好在立秋这日看完，夏目还是那个温柔善良的夏目，娘口三三还是那只嗜酒好吃的肥喵，一切都还是那么美好。
10,张吞吞,5星,2021-12-31 22:11:39,0,“今晚的月色很美。”喂喂，三筱，你是错拿了娘阔三三的什么了不得的台词么？我也想和夏目看同样的风景啊，下着雪的冬天就应该有夏目陪着呀。（好像说晚了一周，长沙的雪已经下完了嘤。）
10,飞跃疯人球,3星,2021-06-12 15:24:09,0,无聊
10,徐eating,5星,2022-09-29 00:19:09,0,深夜看完，好治愈
10,胖三三三,3星,2023-03-08 21:11:04,0,平淡温柔又给里给气，只是这种没什么特别的小短篇放进TV版不就好了，至于单独拎出来么…
10,archimboldi,5星,2021-06-24 22:35:58,0,让人想起关于池沼的故事
10,果汁○,3星,2021-12-15 23:36:57,0,温柔的人总是孤独的吧。
10,Lydia Z.,5星,2021-05-31 16:19:49,0,猫咪老师胖得不像话，获得新称号“猫咪不倒翁”。夏目的友情破颜拳越发熟练。故事都好温暖哪~
10,Rabbitの胡萝卜,未知,2021-05-29 19:41:49,0,光是温柔就足够满分了
10,BoundFlow,4星,2021-06-05 20:11:00,0,一个东西能不忘初心的穿过漫长时间保留下来便更显的珍贵。
10,啊呜,4星,2021-05-26 23:34:59,1,安宁、温和，看夏目和猫团子的意义就是这些了吧
10,悟饭婆婆,3星,2021-06-01 21:33:34,0,人生简单又不简单。每次看夏目友人帐，总感觉是发生在夏日傍晚的故事，一切都很安静，如果可以一直平凡又简单快乐的活着，或许也是一件很好的事。
10,绿色毛毛虫,3星,2024-01-20 00:44:52,0,剧情平淡了一些，老套了一些…评分也太高了
10,然潘,4星,2021-07-22 08:51:20,0,渐行渐远的友谊，第二个故事好伤感。第一个故事有点太刻意去卖日系温暖了，我这个年龄已经看不太进去了。
10,Sunrise ℃,4星,2022-04-18 01:16:35,0,可能我老了
10,桃花坞主,5星,2022-12-11 21:38:09,0,夏目发现了刻在石壁上的星星点点，想到如果是和娘扣三三一起看该多好~妖怪的生命线那么长，但能陪伴一段短暂的时间，也是好的。
10,徐乐乐爱旅行,4星,2021-07-11 17:40:35,0,其实我并不爱看日本鬼神动漫，有点害怕。只是日本动漫版拍得不是很恐怖，反而很温馨立志。但本质还是鬼片。
10,圆山中庸,5星,2021-06-05 10:32:18,0,怎么会有动画能十三年来始终如一的这么好看呢？平淡里的环环相扣，从来没有因为时间的流逝而有任何一个角色掉队。看到田沼的故事又想起了每次进入缓慢流动的乡间生活之中，幸福平和的心情。夏目，一生的心灵归宿！
10,laka,4星,2021-05-28 09:49:55,0,一如既往的日常比较平淡一点的故事
